{"test_accuracy":0.5191,"_wandb":{"runtime":34},"epoch":5,"train_accuracy":0.5184666666666666,"_timestamp":1.7411739567764626e+09,"_runtime":34.1385024,"_step":5}