{"train_loss":0.46139071560541817,"batch_size":1,"epsilon":1e-10,"hidden_size":32,"num_layers":3,"epoch":10,"momentum":0.9,"beta":0.9,"learning_rate":0.001,"val_accuracy":0.8581,"weight_decay":0,"_timestamp":1.742198218578125e+09,"beta1":0.9,"_step":16,"val_loss":0.5784143487911932,"activation":"relu","optimizer":"sgd","beta2":0.999,"train_accuracy":0.8831666666666667,"_wandb":{"runtime":134},"_runtime":134.2154945}