{"epoch":5,"train_accuracy":0.17053333333333334,"_timestamp":1.74117797780207e+09,"_runtime":17.3717115,"_step":5,"test_accuracy":0.1673,"_wandb":{"runtime":17}}