{"train_accuracy":0.9175166666666666,"beta":0.9,"val_acc":0.8787,"weight_decay":0,"accuracy":0.9049833333333334,"_step":32,"beta2":0.999,"_timestamp":1.7421909047901042e+09,"val_accuracy":0.8818,"loss":0.3754980404186344,"val_loss":0.4850122340824291,"epoch":8,"_wandb":{"runtime":1189},"momentum":0.9,"activation":"relu","batch_size":1,"hidden_size":128,"beta1":0.9,"train_acc":0.9112666666666667,"train_loss":0.34979844421560286,"epsilon":1e-10,"learning_rate":0.001,"optimizer":"sgd","num_layers":2,"_runtime":1189.5319618}