{"epoch":5,"train_accuracy":0.4653333333333333,"test_accuracy":0.4694,"_wandb":{"runtime":67},"_timestamp":1.7411776622165902e+09,"_runtime":67.2071651,"_step":5}