{"_runtime":57.8923477,"_step":10,"test_accuracy":0.776,"_wandb":{"runtime":58},"epoch":10,"train_accuracy":0.7852166666666667,"_timestamp":1.741172869550452e+09}