{"train_accuracy":0.8585666666666667,"batch_size":16,"learning_rate":0.001,"Cross Entropy Loss":0.4408547470218678,"Confusion Matrix":{"_type":"image-file","sha256":"1ff41fd5d58885147c85cccd5d3c110102b5bf8e058707b61faec306dd69f874","size":42895,"path":"media/images/Confusion Matrix_10_1ff41fd5d58885147c85.png","format":"png","width":800,"height":600},"weight_decay":0,"val_accuracy":0.8409,"_timestamp":1.7421946602540216e+09,"momentum":0.9,"beta1":0.9,"_wandb":{"runtime":42},"epoch":5,"num_layers":3,"epsilon":1e-10,"hidden_size":32,"_step":12,"beta":0.9,"test_accuracy":84.09,"Squared Error Loss":0.2197065083215172,"Loss Comparison":{"size":14366,"path":"media/images/Loss Comparison_12_67ae6f4b943512655c65.png","format":"png","width":800,"height":500,"_type":"image-file","sha256":"67ae6f4b943512655c657345b999d18b7b2e814731042823047ba9270a25f0ee"},"_runtime":42.0803695,"train_loss":0.5476967914119424,"val_loss":0.636018957280807,"beta2":0.999}