{"epoch":10,"learning_rate":0.001,"beta":0.9,"hidden_size":128,"_runtime":1030.2715403,"weight_decay":0,"momentum":0.9,"train_acc":0.89535,"val_accuracy":0.8715,"val_loss":0.5174492697204693,"_wandb":{"runtime":1030},"epsilon":1e-10,"val_acc":0.8715,"_timestamp":1.7421893133240583e+09,"activation":"relu","optimizer":"sgd","num_layers":2,"batch_size":1,"train_loss":0.41051913865973955,"train_accuracy":0.89535,"beta2":0.999,"_step":19,"beta1":0.9}