{"beta2":0.999,"val_loss":0.5435735691513246,"epoch":9,"_wandb":{"runtime":386},"train_accuracy":0.8958833333333334,"train_loss":0.4079589243123772,"batch_size":1,"test_accuracy":86.57000000000001,"_timestamp":1.7421990618022442e+09,"beta":0.9,"_step":32,"optimizer":"sgd","weight_decay":0,"learning_rate":0.001,"hidden_size":32,"num_layers":3,"activation":"relu","epsilon":1e-10,"_runtime":386.226246,"val_accuracy":0.8695,"momentum":0.9,"beta1":0.9}