{"_timestamp":1.741173997041115e+09,"_runtime":26.0697112,"_step":10,"test_accuracy":0.4174,"_wandb":{"runtime":26},"epoch":10,"train_accuracy":0.41396666666666665}