{"train_loss":0.22787246415753612,"_wandb":{"runtime":35496},"train_acc":0.9423833333333334,"epoch":39,"_timestamp":1.7416288760665555e+09,"_runtime":35494.9871266,"_step":39}