{"epsilon":1e-10,"Cross Entropy Loss":0.38367577357337074,"_timestamp":1.7421992041911044e+09,"train_loss":0.4408705017558901,"weight_decay":0,"beta":0.9,"optimizer":"sgd","val_loss":0.5535271358435387,"hidden_size":32,"_wandb":{"runtime":141},"beta2":0.999,"Loss Comparison":{"format":"png","width":800,"height":500,"_type":"image-file","sha256":"d3de120464911cf98da086ffeb6f5f03187c75c92db98e91a9b35695a74715e2","size":17714,"path":"media/images/Loss Comparison_22_d3de120464911cf98da0.png"},"Squared Error Loss":0.1960622427072151,"activation":"relu","batch_size":1,"_step":22,"beta1":0.9,"train_accuracy":0.88815,"momentum":0.9,"test_accuracy":86,"num_layers":3,"val_accuracy":0.86,"learning_rate":0.001,"_runtime":140.6954669,"Confusion Matrix":{"width":800,"height":600,"_type":"image-file","sha256":"04def8149f86992d4b9a3ffd733ed186f4c8de362664312d8449d03c2139d494","size":42842,"path":"media/images/Confusion Matrix_20_04def8149f86992d4b9a.png","format":"png"},"epoch":10}