{"_wandb":{"runtime":33},"_step":10,"epoch":10,"train_accuracy":0.37038333333333334,"_timestamp":1.7411777309538038e+09,"_runtime":33.0998283,"test_accuracy":0.3744}