{"_wandb":{"runtime":57},"_step":10,"epoch":10,"train_accuracy":0.22001666666666667,"_timestamp":1.741174220819981e+09,"_runtime":57.9599952,"test_accuracy":0.2193}