{"_step":0,"train_loss":0.6795522102095968,"epoch":0,"val_accuracy":0.8259,"_wandb":{"runtime":16},"_runtime":16.4484338,"val_loss":0.7320719117429544,"_timestamp":1.7421995213149638e+09,"train_accuracy":0.8378166666666667}