{"_step":10,"epoch":10,"train_accuracy":0.4552,"_timestamp":1.7411742874796178e+09,"test_accuracy":0.4511,"_wandb":{"runtime":58},"_runtime":58.5056489}