{"epoch":5,"train_accuracy":0.3075333333333333,"test_accuracy":0.3083,"_wandb":{"runtime":20},"_timestamp":1.7411776915415132e+09,"_runtime":20.9763069,"_step":5}