{"optimizer":"sgd","val_accuracy":0.8833,"val_loss":0.4900089534294237,"beta1":0.9,"num_layers":2,"epsilon":1e-10,"train_loss":0.3195936137628019,"_wandb":{"runtime":1004},"hidden_size":128,"accuracy":0.9157,"learning_rate":0.001,"_runtime":1004.4052727,"beta":0.9,"weight_decay":0,"epoch":3,"activation":"relu","train_accuracy":0.9157,"_timestamp":1.7421925631490846e+09,"loss":0.32531577548171114,"batch_size":1,"beta2":0.999,"train_acc":0.9170833333333334,"val_acc":0.8851,"momentum":0.9,"_step":41}