{"num_layers":3,"Cross Entropy Loss":0.392296121799299,"optimizer":"sgd","activation":"relu","learning_rate":0.001,"val_accuracy":0.8638,"beta1":0.9,"beta":0.9,"Confusion Matrix":{"height":600,"_type":"image-file","sha256":"d54f1d3b6c4515d4630d6307bd1be9db1e2434e728e963e3dd63d8d30f0fda8f","size":41132,"path":"media/images/Confusion Matrix_19_d54f1d3b6c4515d4630d.png","format":"png","width":800},"weight_decay":0,"epsilon":1e-10,"_runtime":271.4876073,"hidden_size":32,"Squared Error Loss":0.1975776477781303,"test_accuracy":86.38,"train_accuracy":0.8829333333333333,"_wandb":{"runtime":272},"train_loss":0.45537393812232957,"beta2":0.999,"_timestamp":1.7421990128849196e+09,"batch_size":1,"momentum":0.9,"epoch":10,"val_loss":0.5659636694798079,"Loss Comparison":{"size":17713,"path":"media/images/Loss Comparison_21_95ac6d6ab3056631f06e.png","format":"png","width":800,"height":500,"_type":"image-file","sha256":"95ac6d6ab3056631f06e74961b53c603f587b8273db467674e82c0f056fcc5fc"},"_step":21}