{"val_accuracy":0.8446,"Squared Error Loss":0.22193571855918598,"hidden_size":32,"Confusion Matrix":{"_type":"image-file","sha256":"f4a8d3d26ce8dfc2a39917399ae3f3543177663b9efaf0c5739949b39927308d","size":41545,"path":"media/images/Confusion Matrix_10_f4a8d3d26ce8dfc2a399.png","format":"png","width":800,"height":600},"_wandb":{"runtime":20},"_runtime":20.2243835,"test_accuracy":84.87,"num_layers":3,"batch_size":16,"_timestamp":1.7421960868139455e+09,"Loss Comparison":{"width":800,"height":500,"_type":"image-file","sha256":"8129f7e6e5a6aee28f7b3332c584fa2add06c4bab148e0f208f49fef637c82c2","size":14391,"path":"media/images/Loss Comparison_12_8129f7e6e5a6aee28f7b.png","format":"png"},"_step":12,"epoch":5,"Cross Entropy Loss":0.4446199493076794,"train_loss":0.54585417236468,"weight_decay":0,"learning_rate":0.001,"val_loss":0.643607686549168,"train_accuracy":0.8635333333333334}