{"hidden_size":32,"weight_decay":0,"epoch":1,"activation":"relu","_runtime":367.0161659,"_timestamp":1.742198739724146e+09,"momentum":0.9,"num_layers":3,"_step":37,"_wandb":{"runtime":367},"beta":0.9,"beta2":0.999,"epsilon":1e-10,"val_accuracy":0.8716,"beta1":0.9,"val_loss":0.5287651327826943,"train_loss":0.39188977767001804,"train_accuracy":0.9003,"learning_rate":0.001,"batch_size":1,"optimizer":"sgd","test_accuracy":87.25}