{"_runtime":65.3819709,"_step":10,"epoch":10,"train_accuracy":0.17556666666666668,"test_accuracy":0.1724,"_wandb":{"runtime":65},"_timestamp":1.7411778125205007e+09}