{"batch_size":1,"_timestamp":1.7421915450805423e+09,"accuracy":0.8971,"loss":0.39558467217458676,"_step":27,"val_acc":0.8761,"train_loss":0.38190216224700796,"_runtime":634.6959453,"beta1":0.9,"learning_rate":0.001,"val_accuracy":0.8733,"epoch":7,"train_acc":0.8999,"weight_decay":0,"train_accuracy":0.9027833333333334,"val_loss":0.5147318556086621,"momentum":0.9,"epsilon":1e-10,"activation":"relu","optimizer":"sgd","hidden_size":128,"beta2":0.999,"num_layers":2,"_wandb":{"runtime":634},"beta":0.9}