{"_timestamp":1.7411778501959522e+09,"test_accuracy":0.4372,"_wandb":{"runtime":22},"_runtime":22.537066,"_step":10,"epoch":10,"train_accuracy":0.43643333333333334}