{"_wandb":{"runtime":271},"hidden_size":32,"val_accuracy":0.8605,"beta1":0.9,"val_loss":0.5508114379318906,"Squared Error Loss":0.19483163990185381,"train_accuracy":0.8871166666666667,"learning_rate":0.001,"optimizer":"sgd","beta":0.9,"epoch":10,"momentum":0.9,"Confusion Matrix":{"format":"png","width":800,"height":600,"_type":"image-file","sha256":"de031196f55586ebdee4668b47a2f3954dff648b33abae69634e4fc883a8e9af","size":41469,"path":"media/images/Confusion Matrix_21_de031196f55586ebdee4.png"},"train_loss":0.4432235349943134,"Loss Comparison":{"_type":"image-file","sha256":"2029588b2d59013d0b3bdbd05a6f6ef1e0369e174ac5a3d4c3f23d45638e2db6","size":17700,"path":"media/images/Loss Comparison_23_2029588b2d59013d0b3b.png","format":"png","width":800,"height":500},"num_layers":3,"activation":"relu","weight_decay":0,"test_accuracy":86.05000000000001,"epsilon":1e-10,"batch_size":1,"Cross Entropy Loss":0.38179339522265926,"_timestamp":1.742198986838439e+09,"_runtime":270.7118504,"_step":23,"beta2":0.999}