{"_runtime":75.1699754,"_step":10,"epoch":10,"train_accuracy":0.3150833333333333,"_timestamp":1.7411741561229596e+09,"test_accuracy":0.3109,"_wandb":{"runtime":75}}