{"test_accuracy":0.3405,"_wandb":{"runtime":40},"_timestamp":1.7411737177698073e+09,"_runtime":40.6997494,"_step":10,"epoch":10,"train_accuracy":0.3395666666666667}