{"batch_size":1,"beta":0.9,"_step":19,"train_loss":0.3841620518456452,"hidden_size":128,"beta1":0.9,"val_loss":0.5096667375705854,"_timestamp":1.7421882690743115e+09,"val_accuracy":0.8741,"val_acc":0.8741,"beta2":0.999,"activation":"relu","_wandb":{"runtime":1007},"_runtime":1007.4688152,"epsilon":1e-10,"optimizer":"sgd","weight_decay":0,"train_acc":0.9010166666666667,"epoch":10,"train_accuracy":0.9010166666666667,"learning_rate":0.001,"momentum":0.9,"num_layers":2}