{"train_acc":0.8297166666666667,"epoch":0,"_timestamp":1.7421849118740494e+09,"_runtime":99.8552118,"_wandb":{"runtime":100},"_step":0,"train_loss":0.7057185974416591}