{"_timestamp":1.741178114602668e+09,"test_accuracy":0.604,"_wandb":{"runtime":83},"_runtime":83.5306776,"_step":10,"epoch":10,"train_accuracy":0.5975666666666667}