{"epoch":10,"train_accuracy":0.39053333333333334,"_timestamp":1.7411736682775762e+09,"test_accuracy":0.3884,"_wandb":{"runtime":51},"_runtime":51.5985027,"_step":10}