{"loss":0.387283700935254,"epsilon":1e-10,"hidden_size":128,"learning_rate":0.001,"beta":0.9,"optimizer":"sgd","val_accuracy":0.8802,"activation":"relu","_wandb":{"runtime":1996},"val_loss":0.49173208898265164,"num_layers":2,"train_acc":0.9088,"_timestamp":1.7421896598164968e+09,"batch_size":1,"weight_decay":0,"beta1":0.9,"accuracy":0.8999666666666667,"epoch":9,"train_loss":0.350910976395387,"val_acc":0.8791,"momentum":0.9,"_runtime":1996.1046539,"beta2":0.999,"_step":32,"train_accuracy":0.9128166666666667}