{"epoch":0,"_timestamp":1.7421846195489526e+09,"_runtime":9.6223889,"_step":0,"_wandb":{"runtime":9},"train_loss":0.5478506088491436,"train_acc":0.8655333333333334}