{"test_accuracy":87.48,"batch_size":1,"val_loss":0.506659543923875,"_runtime":986.2442112,"beta2":0.999,"Squared Error Loss":0.1803271611008573,"num_layers":2,"weight_decay":0,"_step":23,"activation":"relu","optimizer":"sgd","_wandb":{"runtime":987},"beta":0.9,"val_accuracy":0.8748,"hidden_size":128,"Confusion Matrix":{"_type":"image-file","sha256":"e0a3bfc50d1700818ae77738dcf07ae38dbce3f2e707f64c77cd2ca273d9fcaf","size":41319,"path":"media/images/Confusion Matrix_21_e0a3bfc50d1700818ae7.png","format":"png","width":800,"height":600},"momentum":0.9,"train_accuracy":0.9006333333333333,"epsilon":1e-10,"_timestamp":1.742195689498576e+09,"Cross Entropy Loss":0.3511896343746218,"learning_rate":0.001,"val_acc":0.8748,"epoch":10,"Loss Comparison":{"_type":"image-file","sha256":"1a923580366a62755f4fded1a0dc150764c35c741c8902a04e62219c64bf7daa","size":17096,"path":"media/images/Loss Comparison_23_1a923580366a62755f4f.png","format":"png","width":800,"height":500},"train_loss":0.38736533671345963,"beta1":0.9,"train_acc":0.9006333333333333}