{"_runtime":176.1609008,"_step":10,"epoch":10,"train_accuracy":0.39321666666666666,"_timestamp":1.7411739080207102e+09,"test_accuracy":0.3946,"_wandb":{"runtime":176}}