{"train_loss":0.4359351001312091,"val_accuracy":0.8666,"epsilon":1e-10,"_runtime":138.7057109,"_step":18,"beta":0.9,"epoch":10,"optimizer":"sgd","momentum":0.9,"beta2":0.999,"_timestamp":1.742197480490326e+09,"train_accuracy":0.8894,"_wandb":{"runtime":138},"val_loss":0.5467692852284873,"learning_rate":0.001,"num_layers":3,"beta1":0.9,"activation":"relu","weight_decay":0,"hidden_size":32,"batch_size":1}