{"_runtime":1604.6943421,"momentum":0.9,"beta":0.9,"val_acc":0.8829,"_timestamp":1.742194701566216e+09,"val_accuracy":0.883,"learning_rate":0.001,"test_accuracy":88.28,"val_loss":0.482477966023991,"optimizer":"sgd","batch_size":1,"num_layers":2,"train_accuracy":0.91805,"_wandb":{"runtime":1604},"activation":"relu","weight_decay":0,"train_acc":0.9208,"epoch":2,"train_loss":0.3078900983099964,"_step":43,"beta1":0.9,"beta2":0.999,"hidden_size":128,"epsilon":1e-10}