{"_wandb":{"runtime":858},"beta":0.9,"val_acc":0.8768,"activation":"relu","epsilon":1e-10,"weight_decay":0,"optimizer":"sgd","val_loss":0.49854212107773166,"val_accuracy":0.8768,"train_accuracy":0.9019166666666667,"batch_size":1,"train_loss":0.3819654315138643,"train_acc":0.9019166666666667,"beta2":0.999,"hidden_size":128,"_timestamp":1.7421872550365942e+09,"beta1":0.9,"num_layers":2,"_runtime":857.9921895,"learning_rate":0.001,"momentum":0.9,"_step":19,"epoch":10}