{"num_layers":2,"beta1":0.9,"loss":0.38489498881698,"epoch":8,"_runtime":1201.7703596,"accuracy":0.9024833333333333,"train_acc":0.9103333333333333,"val_loss":0.49876787375698567,"hidden_size":128,"weight_decay":0.0001,"momentum":0.9,"_step":32,"learning_rate":0.001,"val_accuracy":0.8784,"train_accuracy":0.9150333333333334,"epsilon":1e-10,"optimizer":"sgd","beta2":0.999,"val_acc":0.8795,"_wandb":{"runtime":1201},"train_loss":0.35499334228070645,"beta":0.9,"batch_size":1,"activation":"relu","_timestamp":1.7421937715703514e+09}