{"epoch":5,"train_accuracy":0.20508333333333334,"_timestamp":1.7411743068752599e+09,"test_accuracy":0.2052,"_wandb":{"runtime":12},"_runtime":12.1876885,"_step":5}