{"_step":5,"test_accuracy":0.1518,"_wandb":{"runtime":24},"epoch":5,"train_accuracy":0.14803333333333332,"_timestamp":1.7411743448836532e+09,"_runtime":24.1117504}