{"train_accuracy":0.5013,"_timestamp":1.7411740717678807e+09,"_runtime":67.1069673,"_step":5,"test_accuracy":0.5016,"_wandb":{"runtime":67},"epoch":5}