{"_timestamp":1.7421839441517377e+09,"_runtime":9.3019923,"_step":0,"train_loss":0.5492211105967562,"_wandb":{"runtime":9},"train_acc":0.8638166666666667,"epoch":0}