{"hidden_size":128,"_wandb":{"runtime":665},"_runtime":664.9924158,"beta1":0.9,"beta2":0.999,"learning_rate":0.001,"momentum":0.9,"val_acc":0.8747,"activation":"relu","batch_size":1,"val_loss":0.505536117646036,"final_test_accuracy":0.8747,"val_accuracy":0.8747,"epsilon":1e-10,"weight_decay":0.0001,"_step":20,"train_acc":0.90275,"train_loss":0.37743699033392214,"beta":0.9,"num_layers":2,"train_accuracy":0.90275,"optimizer":"sgd","_timestamp":1.7421958805730114e+09,"epoch":10}