{"batch_size":16,"Loss Comparison":{"format":"png","width":800,"height":500,"_type":"image-file","sha256":"ab0e13ee15b1ca34bce0379756280673b0050630f3ceeb3eada7ce22c41c48cf","size":17754,"path":"media/images/Loss Comparison_12_ab0e13ee15b1ca34bce0.png"},"val_accuracy":0.8509,"_step":12,"num_layers":3,"Confusion Matrix":{"width":800,"height":600,"_type":"image-file","sha256":"683ec230ec04ad3650c53c5658207138af67ae8a0f00098eed7a720dcf53b419","size":41857,"path":"media/images/Confusion Matrix_10_683ec230ec04ad3650c5.png","format":"png"},"val_loss":0.6150818275037129,"_timestamp":1.7421955634170847e+09,"learning_rate":0.001,"weight_decay":0,"_runtime":32.1880178,"hidden_size":32,"train_loss":0.5222068548653872,"epoch":5,"test_accuracy":85.09,"train_accuracy":0.8678333333333333,"Cross Entropy Loss":0.4263422345478735,"_wandb":{"runtime":33},"Squared Error Loss":0.2117384640319528}