{"hidden_size":32,"train_loss":0.39682794407539285,"_runtime":358.7659408,"momentum":0.9,"epoch":1,"_timestamp":1.7421987143106334e+09,"val_accuracy":0.8672,"_step":36,"val_loss":0.5357707913976953,"test_accuracy":86.53,"train_accuracy":0.8978333333333334,"activation":"relu","optimizer":"sgd","_wandb":{"runtime":358},"batch_size":1,"num_layers":3,"beta":0.9,"beta1":0.9,"beta2":0.999,"learning_rate":0.001,"weight_decay":0,"epsilon":1e-10}