{"beta2":0.999,"beta1":0.9,"optimizer":"sgd","hidden_size":128,"activation":"relu","_step":29,"val_acc":0.8779,"val_accuracy":0.8792,"learning_rate":0.001,"accuracy":0.9005666666666666,"loss":0.3878091273909895,"train_accuracy":0.9117166666666666,"num_layers":2,"momentum":0.9,"_timestamp":1.7421952138434694e+09,"beta":0.9,"weight_decay":0.0001,"epoch":8,"_wandb":{"runtime":1438},"batch_size":1,"val_loss":0.501521131981515,"epsilon":1e-10,"_runtime":1438.7280691,"train_loss":0.3616075836799883,"train_acc":0.9067333333333333}