{"test_accuracy":0.3252,"_wandb":{"runtime":30},"epoch":10,"train_accuracy":0.32795,"_timestamp":1.741178022436036e+09,"_runtime":30.8850028,"_step":10}